timestamp,fold,accuracy,precision,recall,f1_score,training_time_sec,n_samples_train,n_samples_test,n_features,feature_names,output_name,xgb_params
2026-03-19 14:55:55,1,0.6879861711322386,0.6832978966639501,0.6879861711322386,0.6821440678424477,6.472844839096069,10411,1157,65,"[""HeardClimate_Dummy"", ""ClimateChanged_Dummy"", ""Respon_Female"", ""Respon_Age"", ""LivingYear"", ""Edu_Literal"", ""Edu_Illiterate"", ""Edu_year"", ""Female_Ratio"", ""U18_Ratio"", ""A65_Ratio"", ""Edu12_Ratio"", ""Literal_Ratio"", ""EcoBelt_Hill"", ""EcoBelt_Mountain"", ""EcoBelt_Terai"", ""Prov_Bagmati"", ""Prov_Koshi"", ""Prov_Lumbini"", ""Prov_Madhesh"", ""Prov_Sudurpaschim"", ""Prov_Gandaki"", ""Prov_Karnali"", ""ResidenceOwn_dummy"", ""ResidenceRent_dummy"", ""ResidenceInstitu_dummy"", ""ResidenceOthers_dummy"", ""ResidInfraPerman_dummy"", ""ResidInfraSemi_dummy"", ""ResidInfraKachchi_dummy"", ""ResidInfraOthers_dummy"", ""Remittance_dummy"", ""Have_AgriLand"", ""HouseHead_AgriExpYear"", ""Radio_dummy"", ""TV_dummy"", ""PC_dummy"", ""Net_dummy"", ""Phone_dummy"", ""Mobile_dummy"", ""Motorbike_dummy"", ""Car_dummy"", ""Bike_dummy"", ""OtherVehi_dummy"", ""Refrige_dummy"", ""SavingMembership"", ""RegularSaving"", ""OrgMembership"", ""AgriSupport"", ""Dist_Road"", ""Dist_HealthCenter"", ""Dist_SecondarySchool"", ""Dist_Market"", ""Dist_AgriSupport"", ""FramMechan"", ""IncomeResAgri_dummy"", ""IncomeResWage_dummy"", ""IncomeResNonAgriBusi_dummy"", ""IncomeResRemit_dummy"", ""IncomeResOthers_dummy"", ""Year"", ""DisasterExpInd"", ""DisasterFoodShortageInd"", ""DisasterDieInd"", ""DisasterMoneyLoss""]",HumanDiseaseIncreasePast25_Dummy,"{""objective"": ""binary:logistic"", ""eval_metric"": ""logloss"", ""n_estimators"": 1000, ""learning_rate"": 0.05, ""max_depth"": 8, ""subsample"": 0.8, ""colsample_bytree"": 0.8, ""tree_method"": ""hist"", ""device"": ""cuda""}"
2026-03-19 14:56:02,2,0.7156439066551427,0.7130803186756545,0.7156439066551427,0.7075624386263176,6.002625942230225,10411,1157,65,"[""HeardClimate_Dummy"", ""ClimateChanged_Dummy"", ""Respon_Female"", ""Respon_Age"", ""LivingYear"", ""Edu_Literal"", ""Edu_Illiterate"", ""Edu_year"", ""Female_Ratio"", ""U18_Ratio"", ""A65_Ratio"", ""Edu12_Ratio"", ""Literal_Ratio"", ""EcoBelt_Hill"", ""EcoBelt_Mountain"", ""EcoBelt_Terai"", ""Prov_Bagmati"", ""Prov_Koshi"", ""Prov_Lumbini"", ""Prov_Madhesh"", ""Prov_Sudurpaschim"", ""Prov_Gandaki"", ""Prov_Karnali"", ""ResidenceOwn_dummy"", ""ResidenceRent_dummy"", ""ResidenceInstitu_dummy"", ""ResidenceOthers_dummy"", ""ResidInfraPerman_dummy"", ""ResidInfraSemi_dummy"", ""ResidInfraKachchi_dummy"", ""ResidInfraOthers_dummy"", ""Remittance_dummy"", ""Have_AgriLand"", ""HouseHead_AgriExpYear"", ""Radio_dummy"", ""TV_dummy"", ""PC_dummy"", ""Net_dummy"", ""Phone_dummy"", ""Mobile_dummy"", ""Motorbike_dummy"", ""Car_dummy"", ""Bike_dummy"", ""OtherVehi_dummy"", ""Refrige_dummy"", ""SavingMembership"", ""RegularSaving"", ""OrgMembership"", ""AgriSupport"", ""Dist_Road"", ""Dist_HealthCenter"", ""Dist_SecondarySchool"", ""Dist_Market"", ""Dist_AgriSupport"", ""FramMechan"", ""IncomeResAgri_dummy"", ""IncomeResWage_dummy"", ""IncomeResNonAgriBusi_dummy"", ""IncomeResRemit_dummy"", ""IncomeResOthers_dummy"", ""Year"", ""DisasterExpInd"", ""DisasterFoodShortageInd"", ""DisasterDieInd"", ""DisasterMoneyLoss""]",HumanDiseaseIncreasePast25_Dummy,"{""objective"": ""binary:logistic"", ""eval_metric"": ""logloss"", ""n_estimators"": 1000, ""learning_rate"": 0.05, ""max_depth"": 8, ""subsample"": 0.8, ""colsample_bytree"": 0.8, ""tree_method"": ""hist"", ""device"": ""cuda""}"
2026-03-19 14:56:08,3,0.7130509939498704,0.7064972452884403,0.7130509939498704,0.7051787011246637,5.9341442584991455,10411,1157,65,"[""HeardClimate_Dummy"", ""ClimateChanged_Dummy"", ""Respon_Female"", ""Respon_Age"", ""LivingYear"", ""Edu_Literal"", ""Edu_Illiterate"", ""Edu_year"", ""Female_Ratio"", ""U18_Ratio"", ""A65_Ratio"", ""Edu12_Ratio"", ""Literal_Ratio"", ""EcoBelt_Hill"", ""EcoBelt_Mountain"", ""EcoBelt_Terai"", ""Prov_Bagmati"", ""Prov_Koshi"", ""Prov_Lumbini"", ""Prov_Madhesh"", ""Prov_Sudurpaschim"", ""Prov_Gandaki"", ""Prov_Karnali"", ""ResidenceOwn_dummy"", ""ResidenceRent_dummy"", ""ResidenceInstitu_dummy"", ""ResidenceOthers_dummy"", ""ResidInfraPerman_dummy"", ""ResidInfraSemi_dummy"", ""ResidInfraKachchi_dummy"", ""ResidInfraOthers_dummy"", ""Remittance_dummy"", ""Have_AgriLand"", ""HouseHead_AgriExpYear"", ""Radio_dummy"", ""TV_dummy"", ""PC_dummy"", ""Net_dummy"", ""Phone_dummy"", ""Mobile_dummy"", ""Motorbike_dummy"", ""Car_dummy"", ""Bike_dummy"", ""OtherVehi_dummy"", ""Refrige_dummy"", ""SavingMembership"", ""RegularSaving"", ""OrgMembership"", ""AgriSupport"", ""Dist_Road"", ""Dist_HealthCenter"", ""Dist_SecondarySchool"", ""Dist_Market"", ""Dist_AgriSupport"", ""FramMechan"", ""IncomeResAgri_dummy"", ""IncomeResWage_dummy"", ""IncomeResNonAgriBusi_dummy"", ""IncomeResRemit_dummy"", ""IncomeResOthers_dummy"", ""Year"", ""DisasterExpInd"", ""DisasterFoodShortageInd"", ""DisasterDieInd"", ""DisasterMoneyLoss""]",HumanDiseaseIncreasePast25_Dummy,"{""objective"": ""binary:logistic"", ""eval_metric"": ""logloss"", ""n_estimators"": 1000, ""learning_rate"": 0.05, ""max_depth"": 8, ""subsample"": 0.8, ""colsample_bytree"": 0.8, ""tree_method"": ""hist"", ""device"": ""cuda""}"
2026-03-19 14:56:14,4,0.700086430423509,0.6940465080408585,0.700086430423509,0.6930984552383742,5.9377946853637695,10411,1157,65,"[""HeardClimate_Dummy"", ""ClimateChanged_Dummy"", ""Respon_Female"", ""Respon_Age"", ""LivingYear"", ""Edu_Literal"", ""Edu_Illiterate"", ""Edu_year"", ""Female_Ratio"", ""U18_Ratio"", ""A65_Ratio"", ""Edu12_Ratio"", ""Literal_Ratio"", ""EcoBelt_Hill"", ""EcoBelt_Mountain"", ""EcoBelt_Terai"", ""Prov_Bagmati"", ""Prov_Koshi"", ""Prov_Lumbini"", ""Prov_Madhesh"", ""Prov_Sudurpaschim"", ""Prov_Gandaki"", ""Prov_Karnali"", ""ResidenceOwn_dummy"", ""ResidenceRent_dummy"", ""ResidenceInstitu_dummy"", ""ResidenceOthers_dummy"", ""ResidInfraPerman_dummy"", ""ResidInfraSemi_dummy"", ""ResidInfraKachchi_dummy"", ""ResidInfraOthers_dummy"", ""Remittance_dummy"", ""Have_AgriLand"", ""HouseHead_AgriExpYear"", ""Radio_dummy"", ""TV_dummy"", ""PC_dummy"", ""Net_dummy"", ""Phone_dummy"", ""Mobile_dummy"", ""Motorbike_dummy"", ""Car_dummy"", ""Bike_dummy"", ""OtherVehi_dummy"", ""Refrige_dummy"", ""SavingMembership"", ""RegularSaving"", ""OrgMembership"", ""AgriSupport"", ""Dist_Road"", ""Dist_HealthCenter"", ""Dist_SecondarySchool"", ""Dist_Market"", ""Dist_AgriSupport"", ""FramMechan"", ""IncomeResAgri_dummy"", ""IncomeResWage_dummy"", ""IncomeResNonAgriBusi_dummy"", ""IncomeResRemit_dummy"", ""IncomeResOthers_dummy"", ""Year"", ""DisasterExpInd"", ""DisasterFoodShortageInd"", ""DisasterDieInd"", ""DisasterMoneyLoss""]",HumanDiseaseIncreasePast25_Dummy,"{""objective"": ""binary:logistic"", ""eval_metric"": ""logloss"", ""n_estimators"": 1000, ""learning_rate"": 0.05, ""max_depth"": 8, ""subsample"": 0.8, ""colsample_bytree"": 0.8, ""tree_method"": ""hist"", ""device"": ""cuda""}"
2026-03-19 14:56:20,5,0.6888504753673294,0.6842296601879039,0.6888504753673294,0.6855234683236004,5.915611982345581,10411,1157,65,"[""HeardClimate_Dummy"", ""ClimateChanged_Dummy"", ""Respon_Female"", ""Respon_Age"", ""LivingYear"", ""Edu_Literal"", ""Edu_Illiterate"", ""Edu_year"", ""Female_Ratio"", ""U18_Ratio"", ""A65_Ratio"", ""Edu12_Ratio"", ""Literal_Ratio"", ""EcoBelt_Hill"", ""EcoBelt_Mountain"", ""EcoBelt_Terai"", ""Prov_Bagmati"", ""Prov_Koshi"", ""Prov_Lumbini"", ""Prov_Madhesh"", ""Prov_Sudurpaschim"", ""Prov_Gandaki"", ""Prov_Karnali"", ""ResidenceOwn_dummy"", ""ResidenceRent_dummy"", ""ResidenceInstitu_dummy"", ""ResidenceOthers_dummy"", ""ResidInfraPerman_dummy"", ""ResidInfraSemi_dummy"", ""ResidInfraKachchi_dummy"", ""ResidInfraOthers_dummy"", ""Remittance_dummy"", ""Have_AgriLand"", ""HouseHead_AgriExpYear"", ""Radio_dummy"", ""TV_dummy"", ""PC_dummy"", ""Net_dummy"", ""Phone_dummy"", ""Mobile_dummy"", ""Motorbike_dummy"", ""Car_dummy"", ""Bike_dummy"", ""OtherVehi_dummy"", ""Refrige_dummy"", ""SavingMembership"", ""RegularSaving"", ""OrgMembership"", ""AgriSupport"", ""Dist_Road"", ""Dist_HealthCenter"", ""Dist_SecondarySchool"", ""Dist_Market"", ""Dist_AgriSupport"", ""FramMechan"", ""IncomeResAgri_dummy"", ""IncomeResWage_dummy"", ""IncomeResNonAgriBusi_dummy"", ""IncomeResRemit_dummy"", ""IncomeResOthers_dummy"", ""Year"", ""DisasterExpInd"", ""DisasterFoodShortageInd"", ""DisasterDieInd"", ""DisasterMoneyLoss""]",HumanDiseaseIncreasePast25_Dummy,"{""objective"": ""binary:logistic"", ""eval_metric"": ""logloss"", ""n_estimators"": 1000, ""learning_rate"": 0.05, ""max_depth"": 8, ""subsample"": 0.8, ""colsample_bytree"": 0.8, ""tree_method"": ""hist"", ""device"": ""cuda""}"
2026-03-19 14:56:25,6,0.6905790838375108,0.6843383690864582,0.6905790838375108,0.682237640685078,5.906890392303467,10411,1157,65,"[""HeardClimate_Dummy"", ""ClimateChanged_Dummy"", ""Respon_Female"", ""Respon_Age"", ""LivingYear"", ""Edu_Literal"", ""Edu_Illiterate"", ""Edu_year"", ""Female_Ratio"", ""U18_Ratio"", ""A65_Ratio"", ""Edu12_Ratio"", ""Literal_Ratio"", ""EcoBelt_Hill"", ""EcoBelt_Mountain"", ""EcoBelt_Terai"", ""Prov_Bagmati"", ""Prov_Koshi"", ""Prov_Lumbini"", ""Prov_Madhesh"", ""Prov_Sudurpaschim"", ""Prov_Gandaki"", ""Prov_Karnali"", ""ResidenceOwn_dummy"", ""ResidenceRent_dummy"", ""ResidenceInstitu_dummy"", ""ResidenceOthers_dummy"", ""ResidInfraPerman_dummy"", ""ResidInfraSemi_dummy"", ""ResidInfraKachchi_dummy"", ""ResidInfraOthers_dummy"", ""Remittance_dummy"", ""Have_AgriLand"", ""HouseHead_AgriExpYear"", ""Radio_dummy"", ""TV_dummy"", ""PC_dummy"", ""Net_dummy"", ""Phone_dummy"", ""Mobile_dummy"", ""Motorbike_dummy"", ""Car_dummy"", ""Bike_dummy"", ""OtherVehi_dummy"", ""Refrige_dummy"", ""SavingMembership"", ""RegularSaving"", ""OrgMembership"", ""AgriSupport"", ""Dist_Road"", ""Dist_HealthCenter"", ""Dist_SecondarySchool"", ""Dist_Market"", ""Dist_AgriSupport"", ""FramMechan"", ""IncomeResAgri_dummy"", ""IncomeResWage_dummy"", ""IncomeResNonAgriBusi_dummy"", ""IncomeResRemit_dummy"", ""IncomeResOthers_dummy"", ""Year"", ""DisasterExpInd"", ""DisasterFoodShortageInd"", ""DisasterDieInd"", ""DisasterMoneyLoss""]",HumanDiseaseIncreasePast25_Dummy,"{""objective"": ""binary:logistic"", ""eval_metric"": ""logloss"", ""n_estimators"": 1000, ""learning_rate"": 0.05, ""max_depth"": 8, ""subsample"": 0.8, ""colsample_bytree"": 0.8, ""tree_method"": ""hist"", ""device"": ""cuda""}"
2026-03-19 14:56:31,7,0.7113223854796888,0.7074859307436944,0.7113223854796888,0.7070040124176771,5.970009803771973,10411,1157,65,"[""HeardClimate_Dummy"", ""ClimateChanged_Dummy"", ""Respon_Female"", ""Respon_Age"", ""LivingYear"", ""Edu_Literal"", ""Edu_Illiterate"", ""Edu_year"", ""Female_Ratio"", ""U18_Ratio"", ""A65_Ratio"", ""Edu12_Ratio"", ""Literal_Ratio"", ""EcoBelt_Hill"", ""EcoBelt_Mountain"", ""EcoBelt_Terai"", ""Prov_Bagmati"", ""Prov_Koshi"", ""Prov_Lumbini"", ""Prov_Madhesh"", ""Prov_Sudurpaschim"", ""Prov_Gandaki"", ""Prov_Karnali"", ""ResidenceOwn_dummy"", ""ResidenceRent_dummy"", ""ResidenceInstitu_dummy"", ""ResidenceOthers_dummy"", ""ResidInfraPerman_dummy"", ""ResidInfraSemi_dummy"", ""ResidInfraKachchi_dummy"", ""ResidInfraOthers_dummy"", ""Remittance_dummy"", ""Have_AgriLand"", ""HouseHead_AgriExpYear"", ""Radio_dummy"", ""TV_dummy"", ""PC_dummy"", ""Net_dummy"", ""Phone_dummy"", ""Mobile_dummy"", ""Motorbike_dummy"", ""Car_dummy"", ""Bike_dummy"", ""OtherVehi_dummy"", ""Refrige_dummy"", ""SavingMembership"", ""RegularSaving"", ""OrgMembership"", ""AgriSupport"", ""Dist_Road"", ""Dist_HealthCenter"", ""Dist_SecondarySchool"", ""Dist_Market"", ""Dist_AgriSupport"", ""FramMechan"", ""IncomeResAgri_dummy"", ""IncomeResWage_dummy"", ""IncomeResNonAgriBusi_dummy"", ""IncomeResRemit_dummy"", ""IncomeResOthers_dummy"", ""Year"", ""DisasterExpInd"", ""DisasterFoodShortageInd"", ""DisasterDieInd"", ""DisasterMoneyLoss""]",HumanDiseaseIncreasePast25_Dummy,"{""objective"": ""binary:logistic"", ""eval_metric"": ""logloss"", ""n_estimators"": 1000, ""learning_rate"": 0.05, ""max_depth"": 8, ""subsample"": 0.8, ""colsample_bytree"": 0.8, ""tree_method"": ""hist"", ""device"": ""cuda""}"
2026-03-19 14:56:37,8,0.6905790838375108,0.6824457261429786,0.6905790838375108,0.6812739771168883,6.165680646896362,10411,1157,65,"[""HeardClimate_Dummy"", ""ClimateChanged_Dummy"", ""Respon_Female"", ""Respon_Age"", ""LivingYear"", ""Edu_Literal"", ""Edu_Illiterate"", ""Edu_year"", ""Female_Ratio"", ""U18_Ratio"", ""A65_Ratio"", ""Edu12_Ratio"", ""Literal_Ratio"", ""EcoBelt_Hill"", ""EcoBelt_Mountain"", ""EcoBelt_Terai"", ""Prov_Bagmati"", ""Prov_Koshi"", ""Prov_Lumbini"", ""Prov_Madhesh"", ""Prov_Sudurpaschim"", ""Prov_Gandaki"", ""Prov_Karnali"", ""ResidenceOwn_dummy"", ""ResidenceRent_dummy"", ""ResidenceInstitu_dummy"", ""ResidenceOthers_dummy"", ""ResidInfraPerman_dummy"", ""ResidInfraSemi_dummy"", ""ResidInfraKachchi_dummy"", ""ResidInfraOthers_dummy"", ""Remittance_dummy"", ""Have_AgriLand"", ""HouseHead_AgriExpYear"", ""Radio_dummy"", ""TV_dummy"", ""PC_dummy"", ""Net_dummy"", ""Phone_dummy"", ""Mobile_dummy"", ""Motorbike_dummy"", ""Car_dummy"", ""Bike_dummy"", ""OtherVehi_dummy"", ""Refrige_dummy"", ""SavingMembership"", ""RegularSaving"", ""OrgMembership"", ""AgriSupport"", ""Dist_Road"", ""Dist_HealthCenter"", ""Dist_SecondarySchool"", ""Dist_Market"", ""Dist_AgriSupport"", ""FramMechan"", ""IncomeResAgri_dummy"", ""IncomeResWage_dummy"", ""IncomeResNonAgriBusi_dummy"", ""IncomeResRemit_dummy"", ""IncomeResOthers_dummy"", ""Year"", ""DisasterExpInd"", ""DisasterFoodShortageInd"", ""DisasterDieInd"", ""DisasterMoneyLoss""]",HumanDiseaseIncreasePast25_Dummy,"{""objective"": ""binary:logistic"", ""eval_metric"": ""logloss"", ""n_estimators"": 1000, ""learning_rate"": 0.05, ""max_depth"": 8, ""subsample"": 0.8, ""colsample_bytree"": 0.8, ""tree_method"": ""hist"", ""device"": ""cuda""}"
2026-03-19 14:56:43,9,0.7179930795847751,0.7119925860558205,0.7179930795847751,0.7122226286525946,6.2576727867126465,10412,1156,65,"[""HeardClimate_Dummy"", ""ClimateChanged_Dummy"", ""Respon_Female"", ""Respon_Age"", ""LivingYear"", ""Edu_Literal"", ""Edu_Illiterate"", ""Edu_year"", ""Female_Ratio"", ""U18_Ratio"", ""A65_Ratio"", ""Edu12_Ratio"", ""Literal_Ratio"", ""EcoBelt_Hill"", ""EcoBelt_Mountain"", ""EcoBelt_Terai"", ""Prov_Bagmati"", ""Prov_Koshi"", ""Prov_Lumbini"", ""Prov_Madhesh"", ""Prov_Sudurpaschim"", ""Prov_Gandaki"", ""Prov_Karnali"", ""ResidenceOwn_dummy"", ""ResidenceRent_dummy"", ""ResidenceInstitu_dummy"", ""ResidenceOthers_dummy"", ""ResidInfraPerman_dummy"", ""ResidInfraSemi_dummy"", ""ResidInfraKachchi_dummy"", ""ResidInfraOthers_dummy"", ""Remittance_dummy"", ""Have_AgriLand"", ""HouseHead_AgriExpYear"", ""Radio_dummy"", ""TV_dummy"", ""PC_dummy"", ""Net_dummy"", ""Phone_dummy"", ""Mobile_dummy"", ""Motorbike_dummy"", ""Car_dummy"", ""Bike_dummy"", ""OtherVehi_dummy"", ""Refrige_dummy"", ""SavingMembership"", ""RegularSaving"", ""OrgMembership"", ""AgriSupport"", ""Dist_Road"", ""Dist_HealthCenter"", ""Dist_SecondarySchool"", ""Dist_Market"", ""Dist_AgriSupport"", ""FramMechan"", ""IncomeResAgri_dummy"", ""IncomeResWage_dummy"", ""IncomeResNonAgriBusi_dummy"", ""IncomeResRemit_dummy"", ""IncomeResOthers_dummy"", ""Year"", ""DisasterExpInd"", ""DisasterFoodShortageInd"", ""DisasterDieInd"", ""DisasterMoneyLoss""]",HumanDiseaseIncreasePast25_Dummy,"{""objective"": ""binary:logistic"", ""eval_metric"": ""logloss"", ""n_estimators"": 1000, ""learning_rate"": 0.05, ""max_depth"": 8, ""subsample"": 0.8, ""colsample_bytree"": 0.8, ""tree_method"": ""hist"", ""device"": ""cuda""}"
2026-03-19 14:56:50,10,0.7153979238754326,0.7110902361987824,0.7153979238754326,0.7123165159215263,6.19892692565918,10412,1156,65,"[""HeardClimate_Dummy"", ""ClimateChanged_Dummy"", ""Respon_Female"", ""Respon_Age"", ""LivingYear"", ""Edu_Literal"", ""Edu_Illiterate"", ""Edu_year"", ""Female_Ratio"", ""U18_Ratio"", ""A65_Ratio"", ""Edu12_Ratio"", ""Literal_Ratio"", ""EcoBelt_Hill"", ""EcoBelt_Mountain"", ""EcoBelt_Terai"", ""Prov_Bagmati"", ""Prov_Koshi"", ""Prov_Lumbini"", ""Prov_Madhesh"", ""Prov_Sudurpaschim"", ""Prov_Gandaki"", ""Prov_Karnali"", ""ResidenceOwn_dummy"", ""ResidenceRent_dummy"", ""ResidenceInstitu_dummy"", ""ResidenceOthers_dummy"", ""ResidInfraPerman_dummy"", ""ResidInfraSemi_dummy"", ""ResidInfraKachchi_dummy"", ""ResidInfraOthers_dummy"", ""Remittance_dummy"", ""Have_AgriLand"", ""HouseHead_AgriExpYear"", ""Radio_dummy"", ""TV_dummy"", ""PC_dummy"", ""Net_dummy"", ""Phone_dummy"", ""Mobile_dummy"", ""Motorbike_dummy"", ""Car_dummy"", ""Bike_dummy"", ""OtherVehi_dummy"", ""Refrige_dummy"", ""SavingMembership"", ""RegularSaving"", ""OrgMembership"", ""AgriSupport"", ""Dist_Road"", ""Dist_HealthCenter"", ""Dist_SecondarySchool"", ""Dist_Market"", ""Dist_AgriSupport"", ""FramMechan"", ""IncomeResAgri_dummy"", ""IncomeResWage_dummy"", ""IncomeResNonAgriBusi_dummy"", ""IncomeResRemit_dummy"", ""IncomeResOthers_dummy"", ""Year"", ""DisasterExpInd"", ""DisasterFoodShortageInd"", ""DisasterDieInd"", ""DisasterMoneyLoss""]",HumanDiseaseIncreasePast25_Dummy,"{""objective"": ""binary:logistic"", ""eval_metric"": ""logloss"", ""n_estimators"": 1000, ""learning_rate"": 0.05, ""max_depth"": 8, ""subsample"": 0.8, ""colsample_bytree"": 0.8, ""tree_method"": ""hist"", ""device"": ""cuda""}"
2026-03-19 20:16:41,1,0.6853932584269663,0.6805149562635774,0.6853932584269663,0.6773574020357909,6.757117509841919,10411,1157,64,"[""HeardClimate_Dummy"", ""ClimateChanged_Dummy"", ""Respon_Female"", ""Respon_Age"", ""LivingYear"", ""Edu_Literal"", ""Edu_Illiterate"", ""Edu_year"", ""Female_Ratio"", ""U18_Ratio"", ""A65_Ratio"", ""Edu12_Ratio"", ""Literal_Ratio"", ""EcoBelt_Hill"", ""EcoBelt_Mountain"", ""EcoBelt_Terai"", ""Prov_Bagmati"", ""Prov_Koshi"", ""Prov_Lumbini"", ""Prov_Madhesh"", ""Prov_Sudurpaschim"", ""Prov_Gandaki"", ""Prov_Karnali"", ""ResidenceOwn_dummy"", ""ResidenceRent_dummy"", ""ResidenceInstitu_dummy"", ""ResidenceOthers_dummy"", ""ResidInfraPerman_dummy"", ""ResidInfraSemi_dummy"", ""ResidInfraKachchi_dummy"", ""ResidInfraOthers_dummy"", ""Remittance_dummy"", ""Have_AgriLand"", ""HouseHead_AgriExpYear"", ""Radio_dummy"", ""TV_dummy"", ""PC_dummy"", ""Net_dummy"", ""Phone_dummy"", ""Mobile_dummy"", ""Motorbike_dummy"", ""Car_dummy"", ""Bike_dummy"", ""OtherVehi_dummy"", ""Refrige_dummy"", ""SavingMembership"", ""RegularSaving"", ""OrgMembership"", ""AgriSupport"", ""Dist_Road"", ""Dist_HealthCenter"", ""Dist_SecondarySchool"", ""Dist_Market"", ""Dist_AgriSupport"", ""FramMechan"", ""IncomeResAgri_dummy"", ""IncomeResWage_dummy"", ""IncomeResNonAgriBusi_dummy"", ""IncomeResRemit_dummy"", ""IncomeResOthers_dummy"", ""Year"", ""DisasterExpInd"", ""DisasterFoodShortageInd"", ""DisasterDieInd""]",HumanDiseaseIncreasePast25_Dummy,"{""objective"": ""binary:logistic"", ""eval_metric"": ""logloss"", ""n_estimators"": 1000, ""learning_rate"": 0.05, ""max_depth"": 8, ""subsample"": 0.8, ""colsample_bytree"": 0.8, ""tree_method"": ""hist"", ""device"": ""cuda""}"
2026-03-19 20:16:47,2,0.7113223854796888,0.7077579078144577,0.7113223854796888,0.705008633476249,6.035586357116699,10411,1157,64,"[""HeardClimate_Dummy"", ""ClimateChanged_Dummy"", ""Respon_Female"", ""Respon_Age"", ""LivingYear"", ""Edu_Literal"", ""Edu_Illiterate"", ""Edu_year"", ""Female_Ratio"", ""U18_Ratio"", ""A65_Ratio"", ""Edu12_Ratio"", ""Literal_Ratio"", ""EcoBelt_Hill"", ""EcoBelt_Mountain"", ""EcoBelt_Terai"", ""Prov_Bagmati"", ""Prov_Koshi"", ""Prov_Lumbini"", ""Prov_Madhesh"", ""Prov_Sudurpaschim"", ""Prov_Gandaki"", ""Prov_Karnali"", ""ResidenceOwn_dummy"", ""ResidenceRent_dummy"", ""ResidenceInstitu_dummy"", ""ResidenceOthers_dummy"", ""ResidInfraPerman_dummy"", ""ResidInfraSemi_dummy"", ""ResidInfraKachchi_dummy"", ""ResidInfraOthers_dummy"", ""Remittance_dummy"", ""Have_AgriLand"", ""HouseHead_AgriExpYear"", ""Radio_dummy"", ""TV_dummy"", ""PC_dummy"", ""Net_dummy"", ""Phone_dummy"", ""Mobile_dummy"", ""Motorbike_dummy"", ""Car_dummy"", ""Bike_dummy"", ""OtherVehi_dummy"", ""Refrige_dummy"", ""SavingMembership"", ""RegularSaving"", ""OrgMembership"", ""AgriSupport"", ""Dist_Road"", ""Dist_HealthCenter"", ""Dist_SecondarySchool"", ""Dist_Market"", ""Dist_AgriSupport"", ""FramMechan"", ""IncomeResAgri_dummy"", ""IncomeResWage_dummy"", ""IncomeResNonAgriBusi_dummy"", ""IncomeResRemit_dummy"", ""IncomeResOthers_dummy"", ""Year"", ""DisasterExpInd"", ""DisasterFoodShortageInd"", ""DisasterDieInd""]",HumanDiseaseIncreasePast25_Dummy,"{""objective"": ""binary:logistic"", ""eval_metric"": ""logloss"", ""n_estimators"": 1000, ""learning_rate"": 0.05, ""max_depth"": 8, ""subsample"": 0.8, ""colsample_bytree"": 0.8, ""tree_method"": ""hist"", ""device"": ""cuda""}"
2026-03-19 20:16:53,3,0.7104580812445981,0.7040042260301091,0.7104580812445981,0.703738888593742,6.014045476913452,10411,1157,64,"[""HeardClimate_Dummy"", ""ClimateChanged_Dummy"", ""Respon_Female"", ""Respon_Age"", ""LivingYear"", ""Edu_Literal"", ""Edu_Illiterate"", ""Edu_year"", ""Female_Ratio"", ""U18_Ratio"", ""A65_Ratio"", ""Edu12_Ratio"", ""Literal_Ratio"", ""EcoBelt_Hill"", ""EcoBelt_Mountain"", ""EcoBelt_Terai"", ""Prov_Bagmati"", ""Prov_Koshi"", ""Prov_Lumbini"", ""Prov_Madhesh"", ""Prov_Sudurpaschim"", ""Prov_Gandaki"", ""Prov_Karnali"", ""ResidenceOwn_dummy"", ""ResidenceRent_dummy"", ""ResidenceInstitu_dummy"", ""ResidenceOthers_dummy"", ""ResidInfraPerman_dummy"", ""ResidInfraSemi_dummy"", ""ResidInfraKachchi_dummy"", ""ResidInfraOthers_dummy"", ""Remittance_dummy"", ""Have_AgriLand"", ""HouseHead_AgriExpYear"", ""Radio_dummy"", ""TV_dummy"", ""PC_dummy"", ""Net_dummy"", ""Phone_dummy"", ""Mobile_dummy"", ""Motorbike_dummy"", ""Car_dummy"", ""Bike_dummy"", ""OtherVehi_dummy"", ""Refrige_dummy"", ""SavingMembership"", ""RegularSaving"", ""OrgMembership"", ""AgriSupport"", ""Dist_Road"", ""Dist_HealthCenter"", ""Dist_SecondarySchool"", ""Dist_Market"", ""Dist_AgriSupport"", ""FramMechan"", ""IncomeResAgri_dummy"", ""IncomeResWage_dummy"", ""IncomeResNonAgriBusi_dummy"", ""IncomeResRemit_dummy"", ""IncomeResOthers_dummy"", ""Year"", ""DisasterExpInd"", ""DisasterFoodShortageInd"", ""DisasterDieInd""]",HumanDiseaseIncreasePast25_Dummy,"{""objective"": ""binary:logistic"", ""eval_metric"": ""logloss"", ""n_estimators"": 1000, ""learning_rate"": 0.05, ""max_depth"": 8, ""subsample"": 0.8, ""colsample_bytree"": 0.8, ""tree_method"": ""hist"", ""device"": ""cuda""}"
2026-03-19 20:16:59,4,0.6974935177182369,0.6913185453165116,0.6974935177182369,0.6905525801538962,5.950679302215576,10411,1157,64,"[""HeardClimate_Dummy"", ""ClimateChanged_Dummy"", ""Respon_Female"", ""Respon_Age"", ""LivingYear"", ""Edu_Literal"", ""Edu_Illiterate"", ""Edu_year"", ""Female_Ratio"", ""U18_Ratio"", ""A65_Ratio"", ""Edu12_Ratio"", ""Literal_Ratio"", ""EcoBelt_Hill"", ""EcoBelt_Mountain"", ""EcoBelt_Terai"", ""Prov_Bagmati"", ""Prov_Koshi"", ""Prov_Lumbini"", ""Prov_Madhesh"", ""Prov_Sudurpaschim"", ""Prov_Gandaki"", ""Prov_Karnali"", ""ResidenceOwn_dummy"", ""ResidenceRent_dummy"", ""ResidenceInstitu_dummy"", ""ResidenceOthers_dummy"", ""ResidInfraPerman_dummy"", ""ResidInfraSemi_dummy"", ""ResidInfraKachchi_dummy"", ""ResidInfraOthers_dummy"", ""Remittance_dummy"", ""Have_AgriLand"", ""HouseHead_AgriExpYear"", ""Radio_dummy"", ""TV_dummy"", ""PC_dummy"", ""Net_dummy"", ""Phone_dummy"", ""Mobile_dummy"", ""Motorbike_dummy"", ""Car_dummy"", ""Bike_dummy"", ""OtherVehi_dummy"", ""Refrige_dummy"", ""SavingMembership"", ""RegularSaving"", ""OrgMembership"", ""AgriSupport"", ""Dist_Road"", ""Dist_HealthCenter"", ""Dist_SecondarySchool"", ""Dist_Market"", ""Dist_AgriSupport"", ""FramMechan"", ""IncomeResAgri_dummy"", ""IncomeResWage_dummy"", ""IncomeResNonAgriBusi_dummy"", ""IncomeResRemit_dummy"", ""IncomeResOthers_dummy"", ""Year"", ""DisasterExpInd"", ""DisasterFoodShortageInd"", ""DisasterDieInd""]",HumanDiseaseIncreasePast25_Dummy,"{""objective"": ""binary:logistic"", ""eval_metric"": ""logloss"", ""n_estimators"": 1000, ""learning_rate"": 0.05, ""max_depth"": 8, ""subsample"": 0.8, ""colsample_bytree"": 0.8, ""tree_method"": ""hist"", ""device"": ""cuda""}"
2026-03-19 20:17:05,5,0.6750216076058773,0.669688327369966,0.6750216076058773,0.6711732617441609,5.96662712097168,10411,1157,64,"[""HeardClimate_Dummy"", ""ClimateChanged_Dummy"", ""Respon_Female"", ""Respon_Age"", ""LivingYear"", ""Edu_Literal"", ""Edu_Illiterate"", ""Edu_year"", ""Female_Ratio"", ""U18_Ratio"", ""A65_Ratio"", ""Edu12_Ratio"", ""Literal_Ratio"", ""EcoBelt_Hill"", ""EcoBelt_Mountain"", ""EcoBelt_Terai"", ""Prov_Bagmati"", ""Prov_Koshi"", ""Prov_Lumbini"", ""Prov_Madhesh"", ""Prov_Sudurpaschim"", ""Prov_Gandaki"", ""Prov_Karnali"", ""ResidenceOwn_dummy"", ""ResidenceRent_dummy"", ""ResidenceInstitu_dummy"", ""ResidenceOthers_dummy"", ""ResidInfraPerman_dummy"", ""ResidInfraSemi_dummy"", ""ResidInfraKachchi_dummy"", ""ResidInfraOthers_dummy"", ""Remittance_dummy"", ""Have_AgriLand"", ""HouseHead_AgriExpYear"", ""Radio_dummy"", ""TV_dummy"", ""PC_dummy"", ""Net_dummy"", ""Phone_dummy"", ""Mobile_dummy"", ""Motorbike_dummy"", ""Car_dummy"", ""Bike_dummy"", ""OtherVehi_dummy"", ""Refrige_dummy"", ""SavingMembership"", ""RegularSaving"", ""OrgMembership"", ""AgriSupport"", ""Dist_Road"", ""Dist_HealthCenter"", ""Dist_SecondarySchool"", ""Dist_Market"", ""Dist_AgriSupport"", ""FramMechan"", ""IncomeResAgri_dummy"", ""IncomeResWage_dummy"", ""IncomeResNonAgriBusi_dummy"", ""IncomeResRemit_dummy"", ""IncomeResOthers_dummy"", ""Year"", ""DisasterExpInd"", ""DisasterFoodShortageInd"", ""DisasterDieInd""]",HumanDiseaseIncreasePast25_Dummy,"{""objective"": ""binary:logistic"", ""eval_metric"": ""logloss"", ""n_estimators"": 1000, ""learning_rate"": 0.05, ""max_depth"": 8, ""subsample"": 0.8, ""colsample_bytree"": 0.8, ""tree_method"": ""hist"", ""device"": ""cuda""}"
2026-03-19 20:17:11,6,0.6957649092480553,0.6899267535946002,0.6957649092480553,0.6880083714795033,5.981547594070435,10411,1157,64,"[""HeardClimate_Dummy"", ""ClimateChanged_Dummy"", ""Respon_Female"", ""Respon_Age"", ""LivingYear"", ""Edu_Literal"", ""Edu_Illiterate"", ""Edu_year"", ""Female_Ratio"", ""U18_Ratio"", ""A65_Ratio"", ""Edu12_Ratio"", ""Literal_Ratio"", ""EcoBelt_Hill"", ""EcoBelt_Mountain"", ""EcoBelt_Terai"", ""Prov_Bagmati"", ""Prov_Koshi"", ""Prov_Lumbini"", ""Prov_Madhesh"", ""Prov_Sudurpaschim"", ""Prov_Gandaki"", ""Prov_Karnali"", ""ResidenceOwn_dummy"", ""ResidenceRent_dummy"", ""ResidenceInstitu_dummy"", ""ResidenceOthers_dummy"", ""ResidInfraPerman_dummy"", ""ResidInfraSemi_dummy"", ""ResidInfraKachchi_dummy"", ""ResidInfraOthers_dummy"", ""Remittance_dummy"", ""Have_AgriLand"", ""HouseHead_AgriExpYear"", ""Radio_dummy"", ""TV_dummy"", ""PC_dummy"", ""Net_dummy"", ""Phone_dummy"", ""Mobile_dummy"", ""Motorbike_dummy"", ""Car_dummy"", ""Bike_dummy"", ""OtherVehi_dummy"", ""Refrige_dummy"", ""SavingMembership"", ""RegularSaving"", ""OrgMembership"", ""AgriSupport"", ""Dist_Road"", ""Dist_HealthCenter"", ""Dist_SecondarySchool"", ""Dist_Market"", ""Dist_AgriSupport"", ""FramMechan"", ""IncomeResAgri_dummy"", ""IncomeResWage_dummy"", ""IncomeResNonAgriBusi_dummy"", ""IncomeResRemit_dummy"", ""IncomeResOthers_dummy"", ""Year"", ""DisasterExpInd"", ""DisasterFoodShortageInd"", ""DisasterDieInd""]",HumanDiseaseIncreasePast25_Dummy,"{""objective"": ""binary:logistic"", ""eval_metric"": ""logloss"", ""n_estimators"": 1000, ""learning_rate"": 0.05, ""max_depth"": 8, ""subsample"": 0.8, ""colsample_bytree"": 0.8, ""tree_method"": ""hist"", ""device"": ""cuda""}"
2026-03-19 20:17:17,7,0.7095937770095073,0.7057743196170163,0.7095937770095073,0.7055773402275897,5.902776002883911,10411,1157,64,"[""HeardClimate_Dummy"", ""ClimateChanged_Dummy"", ""Respon_Female"", ""Respon_Age"", ""LivingYear"", ""Edu_Literal"", ""Edu_Illiterate"", ""Edu_year"", ""Female_Ratio"", ""U18_Ratio"", ""A65_Ratio"", ""Edu12_Ratio"", ""Literal_Ratio"", ""EcoBelt_Hill"", ""EcoBelt_Mountain"", ""EcoBelt_Terai"", ""Prov_Bagmati"", ""Prov_Koshi"", ""Prov_Lumbini"", ""Prov_Madhesh"", ""Prov_Sudurpaschim"", ""Prov_Gandaki"", ""Prov_Karnali"", ""ResidenceOwn_dummy"", ""ResidenceRent_dummy"", ""ResidenceInstitu_dummy"", ""ResidenceOthers_dummy"", ""ResidInfraPerman_dummy"", ""ResidInfraSemi_dummy"", ""ResidInfraKachchi_dummy"", ""ResidInfraOthers_dummy"", ""Remittance_dummy"", ""Have_AgriLand"", ""HouseHead_AgriExpYear"", ""Radio_dummy"", ""TV_dummy"", ""PC_dummy"", ""Net_dummy"", ""Phone_dummy"", ""Mobile_dummy"", ""Motorbike_dummy"", ""Car_dummy"", ""Bike_dummy"", ""OtherVehi_dummy"", ""Refrige_dummy"", ""SavingMembership"", ""RegularSaving"", ""OrgMembership"", ""AgriSupport"", ""Dist_Road"", ""Dist_HealthCenter"", ""Dist_SecondarySchool"", ""Dist_Market"", ""Dist_AgriSupport"", ""FramMechan"", ""IncomeResAgri_dummy"", ""IncomeResWage_dummy"", ""IncomeResNonAgriBusi_dummy"", ""IncomeResRemit_dummy"", ""IncomeResOthers_dummy"", ""Year"", ""DisasterExpInd"", ""DisasterFoodShortageInd"", ""DisasterDieInd""]",HumanDiseaseIncreasePast25_Dummy,"{""objective"": ""binary:logistic"", ""eval_metric"": ""logloss"", ""n_estimators"": 1000, ""learning_rate"": 0.05, ""max_depth"": 8, ""subsample"": 0.8, ""colsample_bytree"": 0.8, ""tree_method"": ""hist"", ""device"": ""cuda""}"
2026-03-19 20:17:23,8,0.6957649092480553,0.6882794922578972,0.6957649092480553,0.6875845160944325,6.030526876449585,10411,1157,64,"[""HeardClimate_Dummy"", ""ClimateChanged_Dummy"", ""Respon_Female"", ""Respon_Age"", ""LivingYear"", ""Edu_Literal"", ""Edu_Illiterate"", ""Edu_year"", ""Female_Ratio"", ""U18_Ratio"", ""A65_Ratio"", ""Edu12_Ratio"", ""Literal_Ratio"", ""EcoBelt_Hill"", ""EcoBelt_Mountain"", ""EcoBelt_Terai"", ""Prov_Bagmati"", ""Prov_Koshi"", ""Prov_Lumbini"", ""Prov_Madhesh"", ""Prov_Sudurpaschim"", ""Prov_Gandaki"", ""Prov_Karnali"", ""ResidenceOwn_dummy"", ""ResidenceRent_dummy"", ""ResidenceInstitu_dummy"", ""ResidenceOthers_dummy"", ""ResidInfraPerman_dummy"", ""ResidInfraSemi_dummy"", ""ResidInfraKachchi_dummy"", ""ResidInfraOthers_dummy"", ""Remittance_dummy"", ""Have_AgriLand"", ""HouseHead_AgriExpYear"", ""Radio_dummy"", ""TV_dummy"", ""PC_dummy"", ""Net_dummy"", ""Phone_dummy"", ""Mobile_dummy"", ""Motorbike_dummy"", ""Car_dummy"", ""Bike_dummy"", ""OtherVehi_dummy"", ""Refrige_dummy"", ""SavingMembership"", ""RegularSaving"", ""OrgMembership"", ""AgriSupport"", ""Dist_Road"", ""Dist_HealthCenter"", ""Dist_SecondarySchool"", ""Dist_Market"", ""Dist_AgriSupport"", ""FramMechan"", ""IncomeResAgri_dummy"", ""IncomeResWage_dummy"", ""IncomeResNonAgriBusi_dummy"", ""IncomeResRemit_dummy"", ""IncomeResOthers_dummy"", ""Year"", ""DisasterExpInd"", ""DisasterFoodShortageInd"", ""DisasterDieInd""]",HumanDiseaseIncreasePast25_Dummy,"{""objective"": ""binary:logistic"", ""eval_metric"": ""logloss"", ""n_estimators"": 1000, ""learning_rate"": 0.05, ""max_depth"": 8, ""subsample"": 0.8, ""colsample_bytree"": 0.8, ""tree_method"": ""hist"", ""device"": ""cuda""}"
2026-03-19 20:17:29,9,0.7205882352941176,0.7150273625212311,0.7205882352941176,0.7155647259977246,5.921028137207031,10412,1156,64,"[""HeardClimate_Dummy"", ""ClimateChanged_Dummy"", ""Respon_Female"", ""Respon_Age"", ""LivingYear"", ""Edu_Literal"", ""Edu_Illiterate"", ""Edu_year"", ""Female_Ratio"", ""U18_Ratio"", ""A65_Ratio"", ""Edu12_Ratio"", ""Literal_Ratio"", ""EcoBelt_Hill"", ""EcoBelt_Mountain"", ""EcoBelt_Terai"", ""Prov_Bagmati"", ""Prov_Koshi"", ""Prov_Lumbini"", ""Prov_Madhesh"", ""Prov_Sudurpaschim"", ""Prov_Gandaki"", ""Prov_Karnali"", ""ResidenceOwn_dummy"", ""ResidenceRent_dummy"", ""ResidenceInstitu_dummy"", ""ResidenceOthers_dummy"", ""ResidInfraPerman_dummy"", ""ResidInfraSemi_dummy"", ""ResidInfraKachchi_dummy"", ""ResidInfraOthers_dummy"", ""Remittance_dummy"", ""Have_AgriLand"", ""HouseHead_AgriExpYear"", ""Radio_dummy"", ""TV_dummy"", ""PC_dummy"", ""Net_dummy"", ""Phone_dummy"", ""Mobile_dummy"", ""Motorbike_dummy"", ""Car_dummy"", ""Bike_dummy"", ""OtherVehi_dummy"", ""Refrige_dummy"", ""SavingMembership"", ""RegularSaving"", ""OrgMembership"", ""AgriSupport"", ""Dist_Road"", ""Dist_HealthCenter"", ""Dist_SecondarySchool"", ""Dist_Market"", ""Dist_AgriSupport"", ""FramMechan"", ""IncomeResAgri_dummy"", ""IncomeResWage_dummy"", ""IncomeResNonAgriBusi_dummy"", ""IncomeResRemit_dummy"", ""IncomeResOthers_dummy"", ""Year"", ""DisasterExpInd"", ""DisasterFoodShortageInd"", ""DisasterDieInd""]",HumanDiseaseIncreasePast25_Dummy,"{""objective"": ""binary:logistic"", ""eval_metric"": ""logloss"", ""n_estimators"": 1000, ""learning_rate"": 0.05, ""max_depth"": 8, ""subsample"": 0.8, ""colsample_bytree"": 0.8, ""tree_method"": ""hist"", ""device"": ""cuda""}"
2026-03-19 20:17:35,10,0.7188581314878892,0.714482796533748,0.7188581314878892,0.7156426497042743,6.08873438835144,10412,1156,64,"[""HeardClimate_Dummy"", ""ClimateChanged_Dummy"", ""Respon_Female"", ""Respon_Age"", ""LivingYear"", ""Edu_Literal"", ""Edu_Illiterate"", ""Edu_year"", ""Female_Ratio"", ""U18_Ratio"", ""A65_Ratio"", ""Edu12_Ratio"", ""Literal_Ratio"", ""EcoBelt_Hill"", ""EcoBelt_Mountain"", ""EcoBelt_Terai"", ""Prov_Bagmati"", ""Prov_Koshi"", ""Prov_Lumbini"", ""Prov_Madhesh"", ""Prov_Sudurpaschim"", ""Prov_Gandaki"", ""Prov_Karnali"", ""ResidenceOwn_dummy"", ""ResidenceRent_dummy"", ""ResidenceInstitu_dummy"", ""ResidenceOthers_dummy"", ""ResidInfraPerman_dummy"", ""ResidInfraSemi_dummy"", ""ResidInfraKachchi_dummy"", ""ResidInfraOthers_dummy"", ""Remittance_dummy"", ""Have_AgriLand"", ""HouseHead_AgriExpYear"", ""Radio_dummy"", ""TV_dummy"", ""PC_dummy"", ""Net_dummy"", ""Phone_dummy"", ""Mobile_dummy"", ""Motorbike_dummy"", ""Car_dummy"", ""Bike_dummy"", ""OtherVehi_dummy"", ""Refrige_dummy"", ""SavingMembership"", ""RegularSaving"", ""OrgMembership"", ""AgriSupport"", ""Dist_Road"", ""Dist_HealthCenter"", ""Dist_SecondarySchool"", ""Dist_Market"", ""Dist_AgriSupport"", ""FramMechan"", ""IncomeResAgri_dummy"", ""IncomeResWage_dummy"", ""IncomeResNonAgriBusi_dummy"", ""IncomeResRemit_dummy"", ""IncomeResOthers_dummy"", ""Year"", ""DisasterExpInd"", ""DisasterFoodShortageInd"", ""DisasterDieInd""]",HumanDiseaseIncreasePast25_Dummy,"{""objective"": ""binary:logistic"", ""eval_metric"": ""logloss"", ""n_estimators"": 1000, ""learning_rate"": 0.05, ""max_depth"": 8, ""subsample"": 0.8, ""colsample_bytree"": 0.8, ""tree_method"": ""hist"", ""device"": ""cuda""}"
