,fold_1,fold_2,fold_3,fold_4,fold_5,fold_6,fold_7,fold_8,fold_9,fold_10,mean_importance
ResidenceInstitu_dummy,0.8558281064033508,0.957474946975708,0.0,0.8921486735343933,0.7913928031921387,0.9299338459968567,0.9140632152557373,0.7323436141014099,0.8717979788780212,0.9233863949775696,0.7868369579315185
ResidenceOthers_dummy,0.9963035583496094,1.6726080179214478,1.4494342803955078,0.9527717232704163,1.2624800205230713,1.5259698629379272,1.1307833194732666,1.5734665393829346,1.0822213888168335,1.3813079595565796,1.3027346670627593
Respon_Female,1.395437479019165,1.4008196592330933,1.3698712587356567,1.3783202171325684,1.4079331159591675,1.3873447179794312,1.4006530046463013,1.3234748840332031,1.3698346614837646,1.3687851428985596,1.380247414112091
IncomeResWage_dummy,1.3936182260513306,1.3923983573913574,1.4029890298843384,1.3988150358200073,1.373506784439087,1.4126739501953125,1.3621559143066406,1.3921955823898315,1.3864190578460693,1.3878991603851318,1.3902671098709107
SavingMembership,1.3902744054794312,1.368420124053955,1.4207518100738525,1.4451805353164673,1.4056142568588257,1.4228869676589966,1.4199442863464355,1.3812177181243896,1.422214150428772,1.4089229106903076,1.4085427165031432
Remittance_dummy,1.4102163314819336,1.3502717018127441,1.4415504932403564,1.438578724861145,1.4645570516586304,1.4471653699874878,1.429215431213379,1.4163575172424316,1.4015681743621826,1.447353482246399,1.424683427810669
RegularSaving,1.3980374336242676,1.412290334701538,1.4063845872879028,1.4350720643997192,1.447791576385498,1.4273912906646729,1.4175728559494019,1.3915585279464722,1.454095482826233,1.4601236581802368,1.4250317811965942
PC_dummy,1.405126690864563,1.3649235963821411,1.4560145139694214,1.421349048614502,1.5101343393325806,1.5300407409667969,1.4057798385620117,1.3626787662506104,1.3838627338409424,1.416142225265503,1.4256052494049072
Motorbike_dummy,1.3697125911712646,1.4523850679397583,1.424072265625,1.4300482273101807,1.4677163362503052,1.4462398290634155,1.44736647605896,1.4209705591201782,1.413348913192749,1.3917872905731201,1.4263647556304933
ResidInfraSemi_dummy,1.4347612857818604,1.388213038444519,1.4461630582809448,1.492645025253296,1.4631208181381226,1.471490740776062,1.4394453763961792,1.4176031351089478,1.4072997570037842,1.4626946449279785,1.4423436880111695
Edu_Illiterate,1.467626690864563,1.4416017532348633,1.466204285621643,1.5207233428955078,1.4861564636230469,1.4998204708099365,1.4780734777450562,1.4541085958480835,1.4494627714157104,1.4790371656417847,1.4742815017700195
Edu_Literal,1.427176594734192,1.5077100992202759,1.4816391468048096,1.5031931400299072,1.5176072120666504,1.5365344285964966,1.555955410003662,1.46348237991333,1.4432940483093262,1.4962406158447266,1.4932833075523377
Phone_dummy,1.4650462865829468,1.5438258647918701,1.403188705444336,1.5661083459854126,1.554999589920044,1.5089292526245117,1.4607884883880615,1.5986669063568115,1.4754297733306885,1.5578900575637817,1.5134873270988465
Mobile_dummy,1.5777158737182617,1.5769046545028687,1.5578546524047852,1.5937525033950806,1.518386721611023,1.6135777235031128,1.5750473737716675,1.4933854341506958,1.5866823196411133,1.5809786319732666,1.5674285888671875
IncomeResRemit_dummy,1.580447793006897,1.559678077697754,1.6065987348556519,1.6071656942367554,1.5624866485595703,1.5965646505355835,1.544050693511963,1.564755916595459,1.5357768535614014,1.5577703714370728,1.5715295433998109
U18_Ratio,1.5802088975906372,1.5717629194259644,1.5870282649993896,1.5892949104309082,1.5828337669372559,1.5821948051452637,1.5634483098983765,1.5740796327590942,1.5711058378219604,1.586704969406128,1.5788662314414978
Edu_year,1.5782393217086792,1.5786195993423462,1.5559189319610596,1.6187384128570557,1.5998729467391968,1.618539810180664,1.5982906818389893,1.5776057243347168,1.5550068616867065,1.591478705406189,1.5872310996055603
A65_Ratio,1.5936856269836426,1.6065253019332886,1.590592384338379,1.6132386922836304,1.6310677528381348,1.6155000925064087,1.578409194946289,1.5543928146362305,1.6097413301467896,1.6074028015136719,1.6000555992126464
Radio_dummy,1.65834379196167,1.6200029850006104,1.5354750156402588,1.6404362916946411,1.6249892711639404,1.6613770723342896,1.5801963806152344,1.6298314332962036,1.5658975839614868,1.6238479614257812,1.6140397787094116
Edu12_Ratio,1.6311376094818115,1.6006333827972412,1.624226689338684,1.6474789381027222,1.6336156129837036,1.6779969930648804,1.610021710395813,1.6045185327529907,1.6175564527511597,1.6175527572631836,1.626473867893219
Literal_Ratio,1.6136173009872437,1.6234604120254517,1.622866153717041,1.6454474925994873,1.6487334966659546,1.657953143119812,1.6500777006149292,1.6012473106384277,1.6090039014816284,1.6262534856796265,1.6298660397529603
Female_Ratio,1.6493606567382812,1.646019697189331,1.6462082862854004,1.6242024898529053,1.6555477380752563,1.6903717517852783,1.6750346422195435,1.6034959554672241,1.6464192867279053,1.6561654806137085,1.6492825984954833
TV_dummy,1.6209818124771118,1.670609474182129,1.6490806341171265,1.6364288330078125,1.6349575519561768,1.7127957344055176,1.6738815307617188,1.6157406568527222,1.6557599306106567,1.6508197784423828,1.6521055936813354
IncomeResNonAgriBusi_dummy,1.6277942657470703,1.6037206649780273,1.607725977897644,1.5978953838348389,1.738558292388916,1.6391021013259888,1.6407071352005005,1.7034211158752441,1.6987900733947754,1.6787289381027222,1.6536443948745727
Net_dummy,1.697499394416809,1.6420342922210693,1.606967568397522,1.6641258001327515,1.683868169784546,1.7303862571716309,1.6411705017089844,1.568481683731079,1.6258288621902466,1.7032532691955566,1.6563615798950195
Respon_Age,1.66288161277771,1.6501868963241577,1.6485397815704346,1.6663976907730103,1.6927571296691895,1.677225112915039,1.6574351787567139,1.6420865058898926,1.644468903541565,1.6967853307724,1.6638764142990112
ResidInfraKachchi_dummy,1.6277375221252441,1.6782314777374268,1.665863275527954,1.7028288841247559,1.6979011297225952,1.7289683818817139,1.6454951763153076,1.6812403202056885,1.653598427772522,1.6407016515731812,1.672256624698639
ResidenceRent_dummy,1.6463788747787476,1.742549180984497,1.7574419975280762,1.6875874996185303,1.7138004302978516,1.6416189670562744,1.7157635688781738,1.6580641269683838,1.5969016551971436,1.6024481058120728,1.6762554407119752
OrgMembership,1.67351233959198,1.61765456199646,1.673032522201538,1.736331582069397,1.6932967901229858,1.740683674812317,1.7370210886001587,1.6364268064498901,1.637710452079773,1.6692726612091064,1.6814942479133606
ResidInfraPerman_dummy,1.7013599872589111,1.7154773473739624,1.6955291032791138,1.7194081544876099,1.7589490413665771,1.7319228649139404,1.7186599969863892,1.6695679426193237,1.6452224254608154,1.7362140417099,1.7092310905456543
LivingYear,1.696210503578186,1.6996946334838867,1.6886615753173828,1.7191927433013916,1.743709921836853,1.7348850965499878,1.709627628326416,1.6923496723175049,1.7063097953796387,1.7295836210250854,1.7120225191116334
Bike_dummy,1.7560442686080933,1.7723588943481445,1.732520341873169,1.7629928588867188,1.7521827220916748,1.778188705444336,1.781788945198059,1.6769064664840698,1.7891819477081299,1.7290631532669067,1.75312283039093
Car_dummy,1.783901572227478,1.8089395761489868,1.6603186130523682,1.8717015981674194,1.7906744480133057,1.7062515020370483,1.6575911045074463,1.8197015523910522,1.8292427062988281,1.7528157234191895,1.7681138396263123
Dist_HealthCenter,1.8059545755386353,1.7795076370239258,1.76521635055542,1.789323329925537,1.7495455741882324,1.7998021841049194,1.8068006038665771,1.7361706495285034,1.7363752126693726,1.7798792123794556,1.7748575329780578
HouseHead_AgriExpYear,1.7603758573532104,1.7725435495376587,1.7837823629379272,1.7850104570388794,1.7738127708435059,1.7956146001815796,1.7987258434295654,1.771871566772461,1.7803993225097656,1.7767605781555176,1.7798896908760071
ResidenceOwn_dummy,1.8136262893676758,1.8209197521209717,1.794693112373352,1.8493146896362305,1.890407919883728,1.7801433801651,1.9306540489196777,1.6645387411117554,1.7983239889144897,1.6363921165466309,1.7979014039039611
Dist_SecondarySchool,1.8090511560440063,1.7801016569137573,1.8153654336929321,1.814534068107605,1.8141013383865356,1.8098558187484741,1.804107427597046,1.7693827152252197,1.79585599899292,1.8202975988388062,1.8032653212547303
Dist_Market,1.8243426084518433,1.8235059976577759,1.7682808637619019,1.823225498199463,1.8387665748596191,1.8512883186340332,1.765234351158142,1.7714899778366089,1.78376305103302,1.7980369329452515,1.8047934174537659
ResidInfraOthers_dummy,2.0607478618621826,1.950994849205017,1.6612545251846313,1.5308915376663208,1.7850821018218994,1.7447683811187744,1.5599570274353027,2.026512384414673,2.1795976161956787,1.9720611572265625,1.8471867442131042
Refrige_dummy,1.8410861492156982,1.7638705968856812,1.790131688117981,2.026592493057251,1.8510371446609497,1.766066312789917,2.0810136795043945,1.8627150058746338,1.751969814300537,1.7637031078338623,1.8498185992240905
Have_AgriLand,1.8592694997787476,1.7727307081222534,1.8649462461471558,1.9100884199142456,1.9561796188354492,1.8338261842727661,1.7402819395065308,1.8787930011749268,1.9660673141479492,1.8812190294265747,1.86634019613266
IncomeResAgri_dummy,1.8709911108016968,1.909072995185852,1.9360393285751343,1.8530752658843994,1.934519648551941,1.9518760442733765,1.8432998657226562,1.9725204706192017,1.8438915014266968,1.873015284538269,1.8988301515579225
Dist_Road,1.9142682552337646,1.9222697019577026,1.9232783317565918,1.9556927680969238,1.9341890811920166,1.9660569429397583,1.9107753038406372,1.9278284311294556,1.906078577041626,1.9314205646514893,1.9291857957839966
Dist_AgriSupport,1.9469386339187622,1.8865623474121094,1.9257363080978394,1.9815839529037476,1.9320423603057861,1.9582611322402954,1.9172680377960205,1.9198042154312134,1.912663459777832,1.9516632556915283,1.9332523703575135
ClimateChanged_Dummy,2.000551223754883,2.0286309719085693,1.962437391281128,2.017465114593506,2.0003881454467773,2.0063958168029785,2.012664794921875,2.027459144592285,1.96820867061615,1.9471850395202637,1.9971386313438415
AgriSupport,2.035001039505005,2.015554428100586,1.9259564876556396,2.0807714462280273,1.991650938987732,2.114607334136963,1.9746854305267334,2.092252731323242,2.059735059738159,1.9604021310806274,2.0250617027282716
EcoBelt_Hill,2.042360544204712,1.9200215339660645,2.0297253131866455,2.123054027557373,2.034005641937256,2.1561059951782227,2.039374828338623,2.068025588989258,1.9933674335479736,2.0240397453308105,2.043008065223694
FramMechan,2.0466489791870117,2.123533010482788,2.05092453956604,2.0914371013641357,2.1664927005767822,2.1432394981384277,2.000993251800537,2.183786153793335,2.0456628799438477,2.0375444889068604,2.0890262603759764
HeardClimate_Dummy,2.0886318683624268,2.067206859588623,1.9942002296447754,2.2914252281188965,2.298410415649414,2.109706163406372,2.1374058723449707,2.1653785705566406,2.163180112838745,2.043405771255493,2.135895109176636
IncomeResOthers_dummy,2.069051742553711,2.45487380027771,2.7247262001037598,2.3566360473632812,2.503819227218628,2.1377413272857666,2.083754777908325,2.249234437942505,2.0092883110046387,2.1320641040802,2.2721189975738527
EcoBelt_Terai,2.317532777786255,2.187487840652466,2.3469276428222656,2.2823355197906494,2.3653335571289062,2.38754940032959,2.348978042602539,2.2526042461395264,2.2182374000549316,2.175431728363037,2.288241815567017
Year,2.500140905380249,2.394582748413086,2.2441108226776123,2.353823661804199,2.3537423610687256,2.385053873062134,2.391585350036621,2.266383409500122,2.323235511779785,2.4126174449920654,2.36252760887146
Prov_Madhesh,2.4289774894714355,2.3215038776397705,2.4660987854003906,2.427307605743408,2.4616756439208984,2.4094834327697754,2.3959944248199463,2.409336566925049,2.48516845703125,2.517808675765991,2.4323354959487915
OtherVehi_dummy,2.7189292907714844,2.606206178665161,2.7271134853363037,2.4768247604370117,2.513728380203247,2.677396535873413,2.6627931594848633,2.3447189331054688,2.3321762084960938,2.526642084121704,2.558652901649475
Prov_Bagmati,2.6180875301361084,2.4334328174591064,2.4647505283355713,2.5660951137542725,2.552283525466919,2.6893913745880127,2.49261736869812,2.5536158084869385,2.5772249698638916,2.6794180870056152,2.5626917123794555
Prov_Gandaki,2.6962051391601562,2.5139005184173584,2.5627195835113525,2.5392091274261475,2.5941600799560547,2.673738479614258,2.395127296447754,2.657254695892334,2.528395652770996,2.494398593902588,2.5655109167098997
Prov_Sudurpaschim,2.6257996559143066,2.597334861755371,2.5554869174957275,2.601767063140869,2.5651490688323975,2.6807126998901367,2.658202886581421,2.581117868423462,2.5023958683013916,2.543872594833374,2.5911839485168455
Prov_Koshi,2.6620962619781494,2.6739518642425537,2.697406530380249,2.5714685916900635,2.6469438076019287,2.6768932342529297,2.664180278778076,2.621299982070923,2.5203521251678467,2.7300541400909424,2.6464646816253663
EcoBelt_Mountain,3.019204616546631,2.8839457035064697,2.824911594390869,2.8676042556762695,2.7405006885528564,2.7870426177978516,2.9022908210754395,2.755556583404541,2.6999754905700684,2.984011650085449,2.8465044021606447
DisasterFoodShortageInd,2.8876006603240967,2.800588369369507,2.9393324851989746,2.8558008670806885,3.101214647293091,3.050935745239258,2.757514476776123,3.02339506149292,2.8630294799804688,2.948633909225464,2.922804570198059
DisasterExpInd,3.1706790924072266,3.163846492767334,3.227431058883667,3.297377586364746,3.233063220977783,3.288658380508423,3.2105584144592285,3.259368896484375,3.1369681358337402,3.2239089012145996,3.2211860179901124
Prov_Lumbini,3.9623615741729736,3.8052070140838623,3.935661792755127,4.146300315856934,4.157042503356934,4.080870628356934,4.120311260223389,3.798492193222046,4.1428327560424805,4.130856990814209,4.027993702888489
Prov_Karnali,4.313944339752197,3.63767147064209,3.590648651123047,3.9702036380767822,4.166170597076416,4.575417518615723,4.413127422332764,4.259851932525635,3.9920055866241455,4.36395788192749,4.128299903869629
DisasterDieInd,5.136600971221924,5.185848236083984,5.541902542114258,5.181459426879883,5.8011794090271,5.652889251708984,5.37396240234375,3.957563638687134,4.693260192871094,4.84012508392334,5.136479115486145
